screenName,Tweets,Timeframe,Links,profilePictue
@COVIDNewsByMIB,"#IndiaFightsCorona:

üìç Minding our minds during #COVID19

Fight the infodemic: don't follow sensational news or posts which may impact your mental state

#StaySafe #IndiaWillWin  ",2020-08-18 13:28:47,https://t.co/45HP15O7iR,http://pbs.twimg.com/profile_images/1244933005795135489/bPoYebla_normal.jpg
@BogochIsaac,"""Back to basics"" - Investing in core pillars of outbreak response for #COVID19:

1. Surveillance &amp; contact tracing
2. Testing
3. Case management
4. Infection prevention &amp; control
5. Epi analytics
6. Logistics
7. Risk communication
8. Community engagement

 ",2020-08-18 11:20:30,https://t.co/tDkQbXaHhm,http://pbs.twimg.com/profile_images/1113069318739300352/UvK_bDM__normal.png
@COVIDNewsByMIB,"#IndiaFightsCorona: 

As we move forward, we should be vigilant to follow #COVID appropriate behaviour. #PhysicalDistancing, use of face masks, frequent #handwashing, care for elderly people etc. must be followed by us to prevent the spread of #COVID19: Member, Health @NITIAayog  ",2020-08-18 11:11:03,https://t.co/6UjmbAMqxr,http://pbs.twimg.com/profile_images/1244933005795135489/bPoYebla_normal.jpg
@COVIDNewsByMIB,"#IndiaFightsCorona: 

Number of #COVID19 testing per day has gone up to 9 Lakhs per day which is remarkable. Testing is the key for disease containment and reducing mortality and improving outcomes : Member, Health @NITIAayog 

#StaySafe #IndiaWillWin  ",2020-08-18 11:04:32,https://t.co/Vk7LVlLCbs,http://pbs.twimg.com/profile_images/1244933005795135489/bPoYebla_normal.jpg
@COVIDNewsByMIB,"#IndiaFightsCorona: 

This pie chart shows the overall percentage of #COVID cases in three different categories. 

73.18% of the total cases are Recovered/ Discharged. 
24.91% of the total cases are Active. 
1.92% of the total cases are deaths: Secretary @MoHFW_INDIA 

#StaySafe  ",2020-08-18 10:54:06,https://t.co/CHFu9GS96I,http://pbs.twimg.com/profile_images/1244933005795135489/bPoYebla_normal.jpg
@COVIDNewsByMIB,"#IndiaFightsCorona: 

Recovered cases are 2.93 times the number of Active Cases. 

19,77,779 people have been recovered so far.
6,73,166 are active #COVID cases and are under medical supervision: Secretary, @MoHFW_INDIA 

#StaySafe #IndiaWillWin 

@ICMRDELHI  ",2020-08-18 10:48:02,https://t.co/zilutFW0ff,http://pbs.twimg.com/profile_images/1244933005795135489/bPoYebla_normal.jpg
@COVIDNewsByMIB,"#IndiaFightsCorona: 

India has set a record in #COVID19 tests conducted per day. Nearly 9 lakh (8,99,864) tests have been conducted in a single day, the highest tests/day so far: Secretary @MoHFW_INDIA 

#StaySafe #IndiaWillWin 

@ICMRDELHI  ",2020-08-18 10:40:26,https://t.co/ba9ZqvOcfZ,http://pbs.twimg.com/profile_images/1244933005795135489/bPoYebla_normal.jpg
@COVIDNewsByMIB,"#IndiaFightsCorona: 

Major highlights of this week: 
‚ñ∂Ô∏èMore than 3 crore tests conducted so far 
‚ñ∂Ô∏èNumber of Recovered patients is about to reach 20 lakhs; currently it is more than 19.70 lakhs
‚ñ∂Ô∏èActive cases are only 25% of the total #COVID cases: Secretary @MoHFW_INDIA  ",2020-08-18 10:36:12,https://t.co/c9cUwDXm7y,http://pbs.twimg.com/profile_images/1244933005795135489/bPoYebla_normal.jpg
@COVIDNewsByMIB,"#IndiaFightsCorona 

LIVE NOWüì°

Press Briefing on the actions taken, preparedness and updates on #COVID19.

#StaySafe #IndiaWillWin 

@MoHFW_INDIA @ICMRDELHI @DG_PIB 

 ",2020-08-18 10:31:08,https://t.co/b1nYp4mhLN,http://pbs.twimg.com/profile_images/1244933005795135489/bPoYebla_normal.jpg
@COVIDNewsByMIB,"#IndiaFightsCorona:

üìçSteps to take when #COVID cases occur in offices

‚û°Ô∏èIn general, staff showing flu-like illness shouldn't attend office and seek medical advice

But when people show symptoms within office spaces:

‚ÜóÔ∏èIsolate the ill person from the other employees

#StaySafe  ",2020-08-18 10:16:41,https://t.co/HnDb6kP426,http://pbs.twimg.com/profile_images/1244933005795135489/bPoYebla_normal.jpg
@COVIDNewsByMIB,"#IndiaFightsCorona 

Press Briefing on the actions taken, preparedness and updates on #COVID19.

LIVE AT 04:00 PM 

Stay Tuned!!

 ",2020-08-18 09:57:31,"https://t.co/b1nYp4mhLN

#StaySafe #IndiaWillWin 

@MoHFW_INDIA @ICMRDELHI @DG_PIB",http://pbs.twimg.com/profile_images/1244933005795135489/bPoYebla_normal.jpg
@COVIDNewsByMIB,"#IndiaFightsCorona:

üìçCan clothes/bed linen spread #COVID19?

‚û°Ô∏èYes, But it can be prevented. 

Follow these simple steps to stop the spread of #COVID„Éº19. 

#StaySafe #IndiaWillWin  ",2020-08-18 09:54:46,https://t.co/3qo7VMNkiA,http://pbs.twimg.com/profile_images/1244933005795135489/bPoYebla_normal.jpg
@COVIDNewsByMIB,"#IndiaFightsCorona:

The Indo-US Science and Technology Forum (IUSSTF) announced the awards to eight binational teams, consisting of leading researchers from India and U.S for #COVID19 Indo-U.S. Virtual Networks in support of the efforts of the medical and scientific community.  ",2020-08-18 08:14:31,https://t.co/TpvDmIVjYa,http://pbs.twimg.com/profile_images/1244933005795135489/bPoYebla_normal.jpg
@COVIDNewsByMIB,"#CoronaVirusUpdates: 

#COVID19 India Tracker
(As on 18 August, 2020, 08:00 AM)

‚ñ∂Ô∏è Confirmed cases: 2,702,742
‚ñ∂Ô∏è Active cases: 673,166
‚ñ∂Ô∏è Cured/Discharged/Migrated: 1,977,779
‚ñ∂Ô∏è Deaths: 51,797

#IndiaFightsCorona
#StayHome 
#StaySafe 

@ICMRDELHI 

Via @MoHFW_INDIA  ",2020-08-18 07:00:04,https://t.co/B80H3vP0g3,http://pbs.twimg.com/profile_images/1244933005795135489/bPoYebla_normal.jpg
@COVIDNewsByMIB,"#IndiaFightsCorona:

#COVID19 labs in India (As on August 17, 2020) üëá

#StaySafe #IndiaWillWin  ",2020-08-18 06:53:26,https://t.co/fzy03111rQ,http://pbs.twimg.com/profile_images/1244933005795135489/bPoYebla_normal.jpg
@COVIDNewsByMIB,"#CoronaVirusUpdates:

#COVID19 testing status update:

@ICMRDELHI stated that 3,09,41,264 samples tested upto August 17, 2020

8,99,864 sample tested on August 17, 2020

#StaySafe #IndiaWillWin  ",2020-08-18 06:21:53,https://t.co/TEXpRQPrHy,http://pbs.twimg.com/profile_images/1244933005795135489/bPoYebla_normal.jpg
@COVIDNewsByMIB,"#IndiaFightsCorona:

üìç Increasing number of #COVID19 testing labs in India üëá

@ICMRDELHI

#StaySafe #IndiaWillWin  ",2020-08-18 06:02:13,https://t.co/SYmbX1WaaA,http://pbs.twimg.com/profile_images/1244933005795135489/bPoYebla_normal.jpg
@COVIDNewsByMIB,"#IndiaFightsCorona:

üìç Increasing gap between #COVID19 Recovered &amp; Active cases of India (May 04, 2020 to August 18, 2020)üëá

#StaySafe #IndiaWillWin  ",2020-08-18 05:39:31,https://t.co/o5sQ37COCe,http://pbs.twimg.com/profile_images/1244933005795135489/bPoYebla_normal.jpg
@COVIDNewsByMIB,"#CoronaVirusUpdates: 

State-wise details of Total Confirmed #COVID19 cases(till 18 August, 2020, 8 AM) 

‚û°Ô∏èStates with 1-4500 confirmed cases 
‚û°Ô∏èStates with 4501-60000 confirmed cases 
‚û°Ô∏èStates with 60000+ confirmed cases 
‚û°Ô∏èTotal no. of confirmed cases so far 

Via @MoHFW_INDIA  ",2020-08-18 05:22:16,https://t.co/sVGjUyx51D,http://pbs.twimg.com/profile_images/1244933005795135489/bPoYebla_normal.jpg
@COVIDNewsByMIB,"üì¢#CoronaVirusUpdates:

‚úÖIndia's #COVID19 recovery rate improves to 73.18% as on August 18, 2020

üìçSteady improvement in India's COVID-19 recovery rate since #lockdown initiation on March 25, 2020

#IndiaFightsCorona

@ICMRDELHI

Via @MoHFW_INDIA  ",2020-08-18 04:55:54,https://t.co/akEsgKl84j,http://pbs.twimg.com/profile_images/1244933005795135489/bPoYebla_normal.jpg
@COVIDNewsByMIB,"#CoronaVirusUpdates: 

üìçTotal #COVID19 Cases in India (as on August 18, 2020)

‚ñ∂Ô∏è73.18% Cured/Discharged/Migrated (1,977,779)
‚ñ∂Ô∏è24.91% Active cases (673,166)
‚ñ∂Ô∏è1.92% Deaths (51,797)

Total COVID-19 confirmed cases = Cured/Discharged/Migrated+Active cases+Deaths

Via @MoHFW_INDIA  ",2020-08-18 04:52:24,https://t.co/3JjuRaeMR9,http://pbs.twimg.com/profile_images/1244933005795135489/bPoYebla_normal.jpg
@COVIDNewsByMIB,"#COVID19 Updates:

India achieves a record number of 8,99,864 #COVID__19 tests in a single day on August 17, 2020.

#StaySafe #IndiaWillWin  ",2020-08-18 04:31:52,https://t.co/2qzXeSzmQj,http://pbs.twimg.com/profile_images/1244933005795135489/bPoYebla_normal.jpg
@COVIDNewsByMIB,"#IndiaFightsCorona:

üìçKeep Calm and Mask On 

Don't pull down your masküò∑, even while speaking‚ùó 

Why‚ùì

‚û°Ô∏èTiny droplets get released while speaking, increasing risk of #COVID19 spread. 

#StaySafe #IndiaWillWin  ",2020-08-18 04:11:00,https://t.co/Iq2E5KW0qj,http://pbs.twimg.com/profile_images/1244933005795135489/bPoYebla_normal.jpg
@COVIDNewsByMIB,"#IndiaFightsCorona: 

Rumours mislead you, #facts protect you. 

Fight the Infodemic of #COVID19 with facts.

‚ùåDo NOT forward unverified texts.
‚úÖCross-check from authentic sources. 

Be a #CovidWarriors, not a Rumour Monger.

@MoHFW_INDIA @PrakashJavdekar @PIB_India @DDNewslive  ",2020-08-18 03:44:57,https://t.co/HVUcmZRgHd,http://pbs.twimg.com/profile_images/1244933005795135489/bPoYebla_normal.jpg
@COVIDNewsByMIB,"#IndiaFightsCorona:

India sets new landmark, exceeds 3 crore #COVID19 tests.

‚ÜóÔ∏è  ",2020-08-18 03:00:23,"https://t.co/RobUGJcHjK 

#StaySafe #IndiaWillWin https://t.co/kDGMT1506v",http://pbs.twimg.com/profile_images/1244933005795135489/bPoYebla_normal.jpg
@T_Inglesby,Most leaders recognize &gt; 5% is bad place to be &amp; states/countries best controlling COVID are &lt;&lt; 5.  Stronger TX goals needed. ‚ÄúThe [Texas] positivity rate...is still at an alarming level of 11.8%. Abbott has said any level above 10% is a ‚Äúwarning flag.‚Äù  ,2020-08-18 02:53:46,https://t.co/1aoDKM2hZo,http://pbs.twimg.com/profile_images/1273257263231315973/Dbz1wW_V_normal.jpg
@T_Inglesby,"We need to get back to being a country where we get to the bottom of things, where we seek out the data and the truth, and we report it publicly and transparently. What if we get to the end of this semester and we havent even learned anything about school COVID risks? 4/ ",2020-08-17 23:05:10,x,http://pbs.twimg.com/profile_images/1273257263231315973/Dbz1wW_V_normal.jpg
@T_Inglesby,"Not even @cdcgov. Really discouraging. ""A spokeswoman for the Centers for Disease Control and Prevention said that the agency was not tracking school-based COVID-19 cases, and the Education Department did not respond to a request for comment."" 3/ ",2020-08-17 23:02:23,x,http://pbs.twimg.com/profile_images/1273257263231315973/Dbz1wW_V_normal.jpg
@T_Inglesby,"How can we learn about school risk w/ this approach?: ""There is no official national tally of school-linked COVID-19 cases, and some states are not reporting how many outbreaks have occurred or how many students and staff members have been infected""1/x  ",2020-08-17 22:58:45,https://t.co/1gnKpCx2O9,http://pbs.twimg.com/profile_images/1273257263231315973/Dbz1wW_V_normal.jpg
@BogochIsaac,"Hard to find a silver lining to the #COVID19 pandemic but there are certainly a few....

 ",2020-08-17 18:53:46,https://t.co/hyyp1fHyvk,http://pbs.twimg.com/profile_images/1113069318739300352/UvK_bDM__normal.png
@BogochIsaac,"Adding face shields to masks/PPE worn by community health workers in India appears to provide greater protection from #COVID19 infection.

This study is far from perfect, but is helpful in understanding protecting those with significant viral exposures.

 ",2020-08-17 16:50:32,https://t.co/liJ64pGTQk,http://pbs.twimg.com/profile_images/1113069318739300352/UvK_bDM__normal.png
@COVIDNewsByMIB,"#IndiaFightsCorona:

üìç#Guidelines for prisons during #COVID19

‚ÜóÔ∏è Ensure quality health services, including uninterrupted access to the prevention and treatment of HIV, TB, hepatitis etc

‚ÜóÔ∏è Reduce overcrowding

#StaySafe #IndiaWillWin  ",2020-08-17 15:11:03,https://t.co/vpWxKWr90a,http://pbs.twimg.com/profile_images/1244933005795135489/bPoYebla_normal.jpg
@COVIDNewsByMIB,"#IndiaFightsCorona:

üìç Preventing #COVID19 at Workplaces

‚ÜóÔ∏èMake sure your workplace is clean &amp; hygienic.
‚ÜóÔ∏è Regularly disinfect surfaces and objects.
‚ÜóÔ∏èPromote regular hand-washing by employees.

#StaySafe #IndiaWillWin  ",2020-08-17 14:06:48,https://t.co/WNAW6xHkC9,http://pbs.twimg.com/profile_images/1244933005795135489/bPoYebla_normal.jpg
@COVIDNewsByMIB,"#IndiaFightsCorona: 

üìçSpitting publicly can increase the spread of #COVID19. 

‚û°Ô∏èSpitting makes you a germ spreader. 

‚ùåDO NOT SPIT

#StaySafe #IndiaWillWin 

@drharshvardhan @UNinIndia @UNESCO @MinistryWCD
@WHOSEARO

Via @MoHFW_INDIA  ",2020-08-17 13:47:31,https://t.co/Pp6MWIknl3,http://pbs.twimg.com/profile_images/1244933005795135489/bPoYebla_normal.jpg
@COVIDNewsByMIB,"#IndiaFightsCorona:

üìçPoints to remember while buying essentials during #COVID19 

‚û°Ô∏èCarry your own shopping bag Shopping bags
‚û°Ô∏èUse a cloth bag and avoid plastic/ paper bag
‚û°Ô∏èWash the bag thoroughly after shopping, with soap

#StaySafe #IndiaWillWin  ",2020-08-17 12:13:52,https://t.co/8fbQyU6Uxx,http://pbs.twimg.com/profile_images/1244933005795135489/bPoYebla_normal.jpg
@DrTedros," @PeterByass supervised my Ph D  thesis at the @UniofNottingham üá¨üáß and our friendship and collaboration endured 
Peter was a staunch advocate for science, equitable solutions and global solidarity, including during the #COVID19 pandemic  I pledge to keep his vision alive ",2020-08-17 11:59:36,.,http://pbs.twimg.com/profile_images/1242902762481946627/X2gdGC6W_normal.jpg
@COVIDNewsByMIB,"#IndiaFightsCorona: 

Follow procedures for #SelfQuarantine &amp; be a hero in nation's fight against #COVID19. 

‚û°Ô∏è#StayHome
‚û°Ô∏èWash hands 
‚û°Ô∏èCheck temperature
‚û°Ô∏èStay in specific room
‚û°Ô∏èPractice #PhysicalDistancing 
‚û°Ô∏èCall doctor before visiting hospital

#StaySafe #IndiaWillWin  ",2020-08-17 11:53:14,https://t.co/T3349Tw49U,http://pbs.twimg.com/profile_images/1244933005795135489/bPoYebla_normal.jpg
@BogochIsaac,"There was/is concern about clinic appointments and #COVID19 risk. 

This study looked at obstetrical care in Boston.

""There was no meaningful association between the number of in-person health care visits &amp; the rate of SARS-CoV-2 infection""

Good news.

 ",2020-08-17 11:43:35,https://t.co/hRHYXdhTWt,http://pbs.twimg.com/profile_images/1113069318739300352/UvK_bDM__normal.png
@COVIDNewsByMIB,"#IndiaFightsCorona: 

Health Minister @drharshvardhan digitally addressed inaugural session of CII Public Health Conference; said ""COVID pandemic has given us a chance to revisit &amp; structurally re-imagine a robust public health infrastructure"". 

Details:  ",2020-08-17 11:26:52,https://t.co/zF3O3PnON4 https://t.co/pqEjbUQxai,http://pbs.twimg.com/profile_images/1244933005795135489/bPoYebla_normal.jpg
@COVIDNewsByMIB,"#IndiaFightsCorona: 

üìçIt is important to have correct knowledge and precise information about the guidelines issued by the Government to prevent the spread of #COVID19. 

‚úÖGovt recommends use of surgical mask. 

‚ùåAvoid valve mask. 

@MoHFW_INDIA @PIB_India
 
Via @mygovindia  ",2020-08-17 11:15:00,https://t.co/5Ow7Xj2hvQ,http://pbs.twimg.com/profile_images/1244933005795135489/bPoYebla_normal.jpg
@COVIDNewsByMIB,"#IndiaFightsCorona: 

It is important to take care of mental health during #COVID19Pandemic. As you #StayHome, 

‚úÖStay positive
‚ùåAvoid alarmist news
‚úÖBe connected to friends and family
‚úÖHave a hobby

#StaySafe #IndiaWillWin 

@drharshvardhan @MoHFW_INDIA @WHOSEARO

Via @WHO  ",2020-08-17 09:45:00,https://t.co/PA9srJZx9K,http://pbs.twimg.com/profile_images/1244933005795135489/bPoYebla_normal.jpg
@COVIDNewsByMIB,"#IndiaFightsCorona:

üìçHow smoking makes people more vulnerable to #COVID19‚ùì‚ùì‚ùì 

‚ÜóÔ∏è It leads to lung diseases
‚ÜóÔ∏è It reduces lung capacity
‚ÜóÔ∏è Cigarettes may lead to virus transmission from hand to mouth

#StaySafe #StayHome #IndiaWillWin  ",2020-08-17 09:25:19,https://t.co/TMAd6DAzkO,http://pbs.twimg.com/profile_images/1244933005795135489/bPoYebla_normal.jpg
@COVIDNewsByMIB,"#IndiaFightsCorona: 

üìçWear a face mask üò∑

‚û°Ô∏èWearing a mask makes you a responsible citizen and is utmost important to prevent the spread of #COVID19 

#TheNewNormal #StaySafe #IndiaWillWin 

Via @NITIAayog  ",2020-08-17 09:24:22,https://t.co/CYaSOhApGJ,http://pbs.twimg.com/profile_images/1244933005795135489/bPoYebla_normal.jpg
@COVIDNewsByMIB,"#CoronaFacts:

üìçCan Thermal Scanners detect #COVID19 infected people ‚ùì‚ùì‚ùì

‚ÜóÔ∏è No, thermal scanners don't detect #COVID infected people. They just detect body temperature. 

 #MythBuster #IndiaFightsCorona #StaySafeStayHealthy  ",2020-08-17 08:54:48,https://t.co/rZ6zfBp81a,http://pbs.twimg.com/profile_images/1244933005795135489/bPoYebla_normal.jpg
@COVIDNewsByMIB,"#IndiaFightsCorona:

#COVID19 labs in India (As on August 16, 2020)üëá

#StaySafe #IndiaWillWin  ",2020-08-17 08:35:42,https://t.co/t4Ro34T1ns,http://pbs.twimg.com/profile_images/1244933005795135489/bPoYebla_normal.jpg
@COVIDNewsByMIB,"#IndiaFightsCorona: 

üìçImportant guidelines for Staff and Visitors in Banks/ ATMs to prevent the spread of #COVID19. 

#StaySafe #IndiaWillWin  ",2020-08-17 08:33:59,https://t.co/GoIg2TbSus,http://pbs.twimg.com/profile_images/1244933005795135489/bPoYebla_normal.jpg
@COVIDNewsByMIB,"#IndiaFightsCorona:

üìçWhat is #HCQ‚ùì‚ùì‚ùì

HCQ is a prescription drug used for the treatment of malaria. 

@MoHFW_INDIA has recommended HCQ for treatment of mild &amp; moderate cases of #COVID19.

*It is not to be used without medical advice. 

#StaySafe #IndiaWillWin 

@ICMRDELHI  ",2020-08-17 08:07:55,https://t.co/i4IfY2nSUW,http://pbs.twimg.com/profile_images/1244933005795135489/bPoYebla_normal.jpg
@COVIDNewsByMIB,"#IndiaFightsCorona: 

Avoid 3Ô∏è‚É£ 'Cs'

There are certain places where #COVID19 spreads more easily:

1Ô∏è‚É£ Crowded places
2Ô∏è‚É£ Close-contact settings
3Ô∏è‚É£ Confined and enclosed spaces

#StaySafe #IndiaWillWin 

Via @WHO  ",2020-08-17 07:37:33,https://t.co/4StGYv44mn,http://pbs.twimg.com/profile_images/1244933005795135489/bPoYebla_normal.jpg
@COVIDNewsByMIB,"#IndiaFightsCorona:

üìçMinding our minds during #COVID19 

Don't panic if you get infected: Remember that most people get better. Practice self-isolation and take medications that are advised.

#StaySafe #IndiaWillWin  ",2020-08-17 06:32:20,https://t.co/89x2CxViLq,http://pbs.twimg.com/profile_images/1244933005795135489/bPoYebla_normal.jpg
@COVIDNewsByMIB,"#IndiaFightsCorona:

Do's and Don'ts for sanitation workers during #COVID19 üëá

#StaySafe #IndiaWillWin  ",2020-08-17 06:10:02,https://t.co/184IWVUDzy,http://pbs.twimg.com/profile_images/1244933005795135489/bPoYebla_normal.jpg
@COVIDNewsByMIB,"#IndiaFightsCorona:

üìç Increasing gap between #COVID19 Recovered &amp; Active cases of India (May 04, 2020 to August 17, 2020)üëá

#StaySafe  ",2020-08-17 05:46:01,https://t.co/wFAH1GBpgk,http://pbs.twimg.com/profile_images/1244933005795135489/bPoYebla_normal.jpg
@BogochIsaac,"Up-to-date summary of #COVID19 in those with HIV, by @CarlosdelRio7 

""...at least in Europe &amp; North America, HIV does not increase the risk for SARS-CoV-2 infection or predispose to poor outcomes from COVID19."" 

More data needed from African settings. 

  ",2020-08-17 01:08:18,https://t.co/UrM6DLGIHD https://t.co/XIe1a765pm,http://pbs.twimg.com/profile_images/1113069318739300352/UvK_bDM__normal.png
@BogochIsaac,"This is really interesting - a #COVID19 outbreak on a fishing boat  with over 100 people infected. 

But the 3 people on board who had antibodies prior to departure had no evidence of infection. 

Great example of immunity in those who have recovered - (but still many questions).  ",2020-08-16 01:36:50,https://t.co/vYrXazcm4V,http://pbs.twimg.com/profile_images/1113069318739300352/UvK_bDM__normal.png
@BogochIsaac,"The US FDA just granted emergency use authorization to another saliva-based #COVID19 test.

These are the types of tests that can help with safely reopening schools &amp; businesses. 

Hope to see them implemented in real world settings soon. 
  ",2020-08-15 15:31:48,https://t.co/m66hJ3lTkI,http://pbs.twimg.com/profile_images/1113069318739300352/UvK_bDM__normal.png
@BogochIsaac,"Really interesting synopsis of why/how Canadian Indigenous communities are seeing so few cases of #COVID19 (to date). 

Among several strategies - early recognition of threat, proactive approaches &amp; careful measures to control travel to communities.   ",2020-08-15 15:19:21,https://t.co/u8tKeTKqks,http://pbs.twimg.com/profile_images/1113069318739300352/UvK_bDM__normal.png
@DrTomFrieden,Our team joined @WHO's #WearAMask challenge. Mask up and do your part to stop the spread of #COVID19! @DrTedros  ,2020-08-15 15:05:03,https://t.co/UCaM63lv2p,http://pbs.twimg.com/profile_images/1263896225218211841/4Lg4rOya_normal.png
@T_Inglesby,"Going forwar , when a fe eral task force or agency  etects  angerous COVID tren s in a county or a city, it shoul  be publicly conveye  when that tren  is i entifie , an  strong concrete actions taken by political lea ers, urge  on by the public. /en ",2020-08-15 13:53:01,d,http://pbs.twimg.com/profile_images/1273257263231315973/Dbz1wW_V_normal.jpg
@T_Inglesby,This federal data on COVID trends should all be public + transparent in real time. Why isn't it? Data in new CDC report ends July 15.  What are designated hotspots around country in last month? Why isn‚Äôt that conveyed to people living in these places? 3/ ,2020-08-15 13:43:15,x,http://pbs.twimg.com/profile_images/1273257263231315973/Dbz1wW_V_normal.jpg
@T_Inglesby,".@cdcgov published report on more than 800 COVID hotspots happening between March and Mid July.  A few key report findings in thread below, but first question is why isn‚Äôt all data related to hotspots publicly available in real time? 
 ",2020-08-15 13:40:16,https://t.co/uXitcuXKsp  1/x,http://pbs.twimg.com/profile_images/1273257263231315973/Dbz1wW_V_normal.jpg
@DrTedros,"I nominate
@GabyCuevas
@MartinChungong 
@IPUparliament 
@RBaptistaLeite
to support the @WHO #WearAMask challenge and help us spread the word about how and when to use a mask to protect our loved ones from #COVID19. Together, we can ùó±ùóº ùó∂ùòÅ ùóÆùóπùóπ ",2020-08-15 08:49:30,!,http://pbs.twimg.com/profile_images/1242902762481946627/X2gdGC6W_normal.jpg
@DrTedros,"I invite
@GregHuntMP
@KatsunobuKato1
@DrAdhamBaba
@AshBloomfield
@SecDuque 
to join @WHO #WearAMask challenge and help us spread the word about how and when to use a mask to protect our loved ones from #COVID19. Together, we can ùó±ùóº ùó∂ùòÅ ùóÆùóπùóπ ",2020-08-15 08:45:33,!,http://pbs.twimg.com/profile_images/1242902762481946627/X2gdGC6W_normal.jpg
@narendramodi,"In the middle of a spirited fight against the COVID-19 global pandemic, people of India are working to build an #AatmaNirbharBharat. 

I have faith in the strength, skills and talents of my fellow Indians. 

Our determination is such that we will surely succeed.  ",2020-08-15 06:12:19,https://t.co/hCOqwMer33,http://pbs.twimg.com/profile_images/1249934092994375680/xX66NSZP_normal.jpg
@T_Inglesby,"Honored to be appointed to National Commission on COVID-19 and Criminal Justice, run by @CouncilonCJ and chaired by @AGLynch &amp; @argonzales. Commission is working to reduce impact of COVID in the criminal justice system. To read about it's work:  ",2020-08-14 22:21:29,https://t.co/WvVNxZSpXu,http://pbs.twimg.com/profile_images/1273257263231315973/Dbz1wW_V_normal.jpg
@DrTedros,"We congratulate President @moonriver365, the Government and the people of #Korea, for being champions of a comprehensive approach to the response and control of #COVID19. Thank you for leading by example!  ",2020-08-14 18:42:49,https://t.co/iO5xLAo1N4,http://pbs.twimg.com/profile_images/1242902762481946627/X2gdGC6W_normal.jpg
@DrTedros,".@WHO is pleased to work with #Korea on the Support Group for Global Infectious Disease Response, which seeks to capitalize on lessons learned from #COVID19 by bringing countries together to improve global responses to current &amp; future pandemics. Together!  ",2020-08-14 18:42:47,https://t.co/mEOhTsUONC https://t.co/Qux2aeAuFV,http://pbs.twimg.com/profile_images/1242902762481946627/X2gdGC6W_normal.jpg
@DrTomFrieden,"COVID This Week 

The looming question: Internal travel restrictions

1/22 This week: continued spread of Covid at a high rate in most of the US, continued shortages and delays in testing, and continued confusion about what the data show and what we need to do to control Covid ",2020-08-14 18:25:05,.,http://pbs.twimg.com/profile_images/1263896225218211841/4Lg4rOya_normal.png
@BogochIsaac,"Canada-US border controls re: #COVID19

""...the restrictions on recreational travel will remain in place until at least Sept. 21.""

I love how we continue extending this one month at a time. 

 ",2020-08-14 15:08:54,https://t.co/ILvrzl57w7,http://pbs.twimg.com/profile_images/1113069318739300352/UvK_bDM__normal.png
@BogochIsaac,"Following up 3410 close contacts of 391 people infected with #COVID19:

Resulted in 127 (3.7%) secondary infections, 8 (6.3%) were asymptomatic

Infections in:
-10.3% of household contacts
-1.0% of healthcare contacts
-0.1% public transportation contacts

 ",2020-08-14 15:04:27,https://t.co/2KAtYPa5bN https://t.co/jk6KAki8tc,http://pbs.twimg.com/profile_images/1113069318739300352/UvK_bDM__normal.png
@DrTedros,"Thank you @SKyriakidesEU, @EU_Commissioner for Health &amp; Food Safety, for a very productive call on the #COVID19 situation &amp; our joint efforts to develop &amp; deliver vaccines, therapeutics &amp; diagnostics for people most in need to fight the pandemic. Together!  ",2020-08-14 13:36:27,https://t.co/uy53tNUqDn,http://pbs.twimg.com/profile_images/1242902762481946627/X2gdGC6W_normal.jpg
@DrTedros,"It was a great pleasure to work with you @IndiaUNGeneva Ambassador Rajiv Chander. Thank you for your great support to @WHO over recent years, especially in past few months in the fight against #COVID19. I wish you all the best! üôè  ",2020-08-14 13:24:53,https://t.co/7D3gMmSPat,http://pbs.twimg.com/profile_images/1242902762481946627/X2gdGC6W_normal.jpg
@BogochIsaac,"New Zealand has done an incredible job containing #COVID19, but their current outbreak demonstrates that elimination is unlikely.

Elimination is a laudable goal &amp; we can/should strive for it, but in the pre-vaccine era it is not very realistic to attain.

 ",2020-08-14 12:41:50,https://t.co/RD67d18YFO,http://pbs.twimg.com/profile_images/1113069318739300352/UvK_bDM__normal.png
@DrTomFrieden,"Drug overdose, car crashes, emphysema, stroke  Alzheimer‚Äôs disease, diabetes, influenza and pneumonia, kidney disease, and suicide are terrible problems  #COVID19 has now killed more Americans than any one of these problems this year ",2020-08-14 11:59:04,.,http://pbs.twimg.com/profile_images/1263896225218211841/4Lg4rOya_normal.png
@DrTedros,"I nominate 
@Vkikilias
@Vinkele
@AurelijusVeryga
@chrisfearne
@hugodejonge
@BentHHoyre
@tomazgantar
@lenahallengren
to join @WHO #WearAMask challenge. Together, we can beat #COVID19 ",2020-08-14 10:37:44,!,http://pbs.twimg.com/profile_images/1242902762481946627/X2gdGC6W_normal.jpg
@DrTomFrieden,"Question: What do these 8 things have in common?

Injuries
Lung disease
Stroke
Alzheimer‚Äôs disease
Diabetes
Influenza and pneumonia
Kidney disease
Suicide

Answer: 8 of the top 10 causes of death in the US that have all now been surpassed by the number of deaths from #COVID19 ",2020-08-14 02:41:33,.,http://pbs.twimg.com/profile_images/1263896225218211841/4Lg4rOya_normal.png
@DrTomFrieden,"Since 2017, @ResolveTSL has partnered with @NCDCgov to support Nigeria's systems to find &amp; prevent disease outbreaks. When #COVID19 hit, NCDC sprang into action to control spread of the virus while preserving essential routine care.  ",2020-08-14 01:19:43,https://t.co/A1IuSJ90NK https://t.co/M5odCzxKqJ,http://pbs.twimg.com/profile_images/1263896225218211841/4Lg4rOya_normal.png
@BogochIsaac,"This study evaluates #COVID19 misinformation in social media.

In ~3 months, they identified 2,311 reports of rumors, stigma &amp; conspiracy theories in 25 languages from 87 countries.

1,856 (82%) of these claims were false.

Table 2 is illuminating. 

 ",2020-08-13 19:43:57,https://t.co/lnVuXPXEuA https://t.co/gbRr4eauxP,http://pbs.twimg.com/profile_images/1113069318739300352/UvK_bDM__normal.png
@DrTomFrieden,Important article by @jeremyfaust with @CarlosdelRio7 and Zhenqiu Lin. No one should underestimate the deadly present and potential of the @COVID19 pandemic in the United States.  ,2020-08-13 17:12:06,https://t.co/rshd2NAjBB,http://pbs.twimg.com/profile_images/1263896225218211841/4Lg4rOya_normal.png
@DrTedros,"I nominate
@GManastirliu
@AToros_Officia
@rudi_anschober
@ViliBeros
@K_Ioannou
@Heunicke
@TanelKiik
@akpekonen 
to join the @WHO #WearAMask challenge. Together, we can stop #COVID19. Together, we can ùó±ùóº ùó∂ùòÅ ùóÆùóπùóπ ",2020-08-13 15:15:46,!,http://pbs.twimg.com/profile_images/1242902762481946627/X2gdGC6W_normal.jpg
@narendramodi,"Thank you, President @ibusolih! India will continue to support the Maldives in mitigating the economic impact of the COVID-19 pandemic. Our special friendship is, and will always remain, as deep as the waters of the Indian Ocean.  ",2020-08-13 14:46:12,https://t.co/nbKL19hw7P,http://pbs.twimg.com/profile_images/1249934092994375680/xX66NSZP_normal.jpg
@DrTedros,"I invite 
@DrSaadJaber
@Drbaselalsabah
@fslsltn
@tfrabiah
@AbikarDr
to support the @WHO #WearAMask challenge and help us spread the word about how and when to use a mask to protect our loved ones from #COVID19. Together, we can ùó±ùóº ùó∂ùòÅ ùóÆùóπùóπ ",2020-08-13 14:45:31,!,http://pbs.twimg.com/profile_images/1242902762481946627/X2gdGC6W_normal.jpg
@DrTedros,".@WHO &amp; @UNICEF call on governments to ensure that access to water, sanitation &amp; hygiene services are at the centre of their strategies for the safe reopening and operation of schools during the #COVID19 pandemic.  ",2020-08-13 14:35:56,https://t.co/n6YNCgVQeX,http://pbs.twimg.com/profile_images/1242902762481946627/X2gdGC6W_normal.jpg
@DrTedros,"I also nominate 
@DrEnriqueParis
@Fruizgomez
@japortalmiranda
@DrJuanCZevallos
@FranAlabi
@MazzoleniJulio
to join @WHO #WearAMask challenge and help us spread the word about how and when to use a mask to protect our loved ones from #COVID19. Together, we can ùó±ùóº ùó∂ùòÅ ùóÆùóπùóπ ",2020-08-13 13:58:26,!,http://pbs.twimg.com/profile_images/1242902762481946627/X2gdGC6W_normal.jpg
@ashishkjha,"I'm super excited to do this ""Op-Talk"" with the great @binajv, editorial page editor of @BostonGlobe 

COVID-19 -- where do we go from here?

Free, open to all.

Today at 1 PM Eastern

Check it out

 ",2020-08-13 13:50:05,https://t.co/3fiCOoOUqA https://t.co/sKxmSXpx3S,http://pbs.twimg.com/profile_images/1206973402176606208/BB8EX4ci_normal.jpg
@DrTedros,"I invite 
@PrLougue
@dr_thaddee
@DrManaouda
@AkaAouele
@DLimoukou
@HonMutahi_Kagwe
@DrEOEhanire
@DrDanielNgamije
@AbikarDr
to join our #WearAMask challenge.
Together, we can stop #COVID19. Together, we can ùó±ùóº ùó∂ùòÅ ùóÆùóπùóπ ",2020-08-13 13:29:04,!,http://pbs.twimg.com/profile_images/1242902762481946627/X2gdGC6W_normal.jpg
@BogochIsaac,"Interesting to see the location and size of #COVID19 outbreaks with helpful data from Louisiana. 

Not a lot of surprises - restaurants, bars, food processing plants &amp; places where people tend to congregate are overrepresented.

(h/t @firefoxx66 )

 ",2020-08-13 11:12:37,https://t.co/S0E0BEeKDb https://t.co/hc1Q4vOvXR,http://pbs.twimg.com/profile_images/1113069318739300352/UvK_bDM__normal.png
@DrTedros,"I also nominate:
@PattyHajdu
@ginesggarcia 
@salvadorilla 
@DrAdhamBaba 
@dhbhanu 
@HLGatell 
to join our #WearAMask challenge.
Together, we can stop #COVID19. Together, we can ùó±ùóº ùó∂ùòÅ ùóÆùóπùóπ ",2020-08-12 18:22:53,!,http://pbs.twimg.com/profile_images/1242902762481946627/X2gdGC6W_normal.jpg
@DrTedros,"Thank you @Hughcevans, @GlblCtzn, @ladygaga, @unfoundation for making the One World #TogetherAtHome possible and for helping us save lives from #COVID19. This is real proof that only together can we beat this virus and build back better!   

 ",2020-08-12 18:11:41,https://t.co/cHcQPMG5IV,http://pbs.twimg.com/profile_images/1242902762481946627/X2gdGC6W_normal.jpg
@DrTedros,"I also invite
@BamBam1A
@ericnamofficial
@marktuan
@shfly3424
@chaelinCL
@donghae861015
@mingkki21
and their fans to support @WHO #WearAMask challenge  
Let‚Äôs beat #COVID19 together ",2020-08-12 17:42:56,!,http://pbs.twimg.com/profile_images/1242902762481946627/X2gdGC6W_normal.jpg
@DrTedros,"Hello
@BTS_twt
@layzhang
@henrylau89
@JacksonWang852
@siwonchoi
@B_hundred_Hyun
@krungy21
... and their fans around the üåé.

I invite you to join @WHO‚Äôs #WearAMask. Let‚Äôs beat #COVID19 together ",2020-08-12 17:35:58,!,http://pbs.twimg.com/profile_images/1242902762481946627/X2gdGC6W_normal.jpg
@DrTedros,"Pleased to join the @WHO/@UNESCO webinar on #YouthDay. I thanked all young participants for their energy, creativity &amp; motivation to get us all through the #COVID19 pandemic safely. 
Working together, all of us, old &amp; young, from everywhere in the world, can overcome this crisis.  ",2020-08-12 16:38:24,https://t.co/wilyK6xrhi,http://pbs.twimg.com/profile_images/1242902762481946627/X2gdGC6W_normal.jpg
@DrTedros,"On #YouthDay I remind everyone that we need to
-listen, engage &amp; empower young adults as partners in action. Our future is their future
-give them a larger role in political decision-making. Their voice is needed more than ever as we respond to the unprecedented crisis #COVID19  ",2020-08-12 16:37:11,https://t.co/NIdqtQdafE,http://pbs.twimg.com/profile_images/1242902762481946627/X2gdGC6W_normal.jpg
@DrTedros,"Happy #YouthDay! 
#COVID19 is having a major impact on young people's lives today and is causing anxiety about future employment &amp; education opportunities. 
You have a big role to play in the response, so play it safe &amp; help end this pandemic. Together! 
 ",2020-08-12 13:03:01,https://t.co/5U7eQi1BZj,http://pbs.twimg.com/profile_images/1242902762481946627/X2gdGC6W_normal.jpg
@DrTedros,"Looking forward to joining this great event! Together against #COVID19! Together for a healthier, safer world.  ",2020-08-12 12:57:36,https://t.co/4j8Qadr6ze,http://pbs.twimg.com/profile_images/1242902762481946627/X2gdGC6W_normal.jpg
@BogochIsaac,"#COVID19 infection in healthcare workers are frequently due to exposures in several settings, including:

1. On non-COVID19 wards where infection is not suspected
2. In break rooms &amp; lounges with other healthcare staff
3. In the general community

 ",2020-08-12 11:34:17,https://t.co/vIaV1Mpu5B,http://pbs.twimg.com/profile_images/1113069318739300352/UvK_bDM__normal.png
@DrTedros,"On #YouthDay, 
I invite 
@UNYouthEnvoy 
@YLHBerlin
@IFMSA 
@WHO_HQ_Interns 
to join @WHO #WearAMask challenge and help us spread the word about how and when to use a mask to protect our loved ones from #COVID19. Together, we can ùó±ùóº ùó∂ùòÅ ùóÆùóπùóπ ",2020-08-12 10:32:57,!,http://pbs.twimg.com/profile_images/1242902762481946627/X2gdGC6W_normal.jpg
@BogochIsaac,"Lots of misunderstanding of what T-cell immunity/memory is, and how this may impact the #COVID19 pandemic - including unfounded claims of heard immunity. 

T-cell memory may (key word: *may*) have a role in mitigating severity of infection but so much is still unknown.  ",2020-08-12 10:15:04,https://t.co/QZ9BO9OByU,http://pbs.twimg.com/profile_images/1113069318739300352/UvK_bDM__normal.png
@ashishkjha,"5  ays ago, I tweete  that COVID tren s in Texas were concerning

Over past few  ays,  ata from TX has gone from ba  to worse

An  I  on't un erstan . Why is testing falling off a cliff?

But the big picture here is this:

Texas is in trouble an  has to turn things aroun 

Threa ",2020-08-12 02:40:02,d,http://pbs.twimg.com/profile_images/1206973402176606208/BB8EX4ci_normal.jpg
@DrTedros,"Tomorrow is Intl #YouthDay. I look forward to joining the Youth Engagement For Global Action webinar together with youth representatives sharing their ideas and solutions to overcome the challenges #COVID19. Solidarity!

 ",2020-08-11 20:40:49,https://t.co/3DxiIfEGB7,http://pbs.twimg.com/profile_images/1242902762481946627/X2gdGC6W_normal.jpg
@DrTomFrieden,"We are NOT HELPLESS! The more we understand our epidemic and effectiveness of our response-in every community, in every state-the better we can reduce our risk. Data may not set us free, but it may give us more freedom from the virus that causes #COVID19.
 ",2020-08-11 19:50:00,https://t.co/vmHosk6Y8s,http://pbs.twimg.com/profile_images/1263896225218211841/4Lg4rOya_normal.png
@BogochIsaac,"Very curious to see the investigation &amp; contact tracing results stemming from New Zealand's 4 new cases of #COVID19 (a family cluster with no history of travel).

How much community spread is there? 
What was the origin of these cases?  ",2020-08-11 14:58:48,https://t.co/HXGa5LYnJh,http://pbs.twimg.com/profile_images/1113069318739300352/UvK_bDM__normal.png
@narendramodi,"Had an extensive interaction on the COVID-19 situation with Chief Ministers of 10 states. CMs highlighted the efforts by their respective Governments to tackle the pandemic.

  ",2020-08-11 12:06:24,https://t.co/lTlt3M7EcM,http://pbs.twimg.com/profile_images/1249934092994375680/xX66NSZP_normal.jpg
@BogochIsaac,"A #COVID19 vaccine is being developed in Russia.

There are plans for vaccine programs to start as early as October, but perhaps without Phase 3 clinical trial results? 

Always cheering for quality vaccines, but need to ensure safety &amp; efficacy first.

 ",2020-08-11 11:51:55,https://t.co/G30EVj4Hgk,http://pbs.twimg.com/profile_images/1113069318739300352/UvK_bDM__normal.png
@DrTedros,"Two essential elements to address the #COVID19 pandemic effectively:
1. Leaders must step up to take action
2. Citizens need to embrace key measures

If we suppress the virus effectively, we can safely open up societies.  ",2020-08-10 17:41:51,https://t.co/paBqikijzn,http://pbs.twimg.com/profile_images/1242902762481946627/X2gdGC6W_normal.jpg
@BogochIsaac,"An overview of #COVID19 in Canada (with @ADetsky)

1. Minimal politicization of pandemic

2. Feds &amp; provinces work together, even with different political affiliation

3. Minimal distrust in science

4. Political &amp; public health leaders take it seriously 

 ",2020-08-10 16:58:52,https://t.co/Zphu1AKXgd,http://pbs.twimg.com/profile_images/1113069318739300352/UvK_bDM__normal.png
@DrTedros,"Thank you, Vittoria and Carola, for showing the world that young people's ideas and solutions can make dreams become true. My deep appreciation to @rogerfederer for supporting these girls. You are a true champion of humanity. 
Together, against #COVID19. 
 ",2020-08-10 13:15:51,https://t.co/sEXGzQ8Dgv,http://pbs.twimg.com/profile_images/1242902762481946627/X2gdGC6W_normal.jpg
@BogochIsaac,"@MaryFernando_ @PaulSaxMD @michaelmina_lab @DFisman Dogs, cats (including lions/tigers , mink, a few other animals are documented to be susceptible to COVID19. Unclear if at risk of severe infection (so far not  and what their role transmitting it to humans (appears small to date ",2020-08-10 12:05:36,),http://pbs.twimg.com/profile_images/1113069318739300352/UvK_bDM__normal.png
@BogochIsaac,"2/ We talk about rapid testing for #COVID19 as a path forward - and that such tests just need to be pretty good (not perfect) aimed to detect those with +++ virus at greatest risk of transmission.

Perhaps COVID-sniffing dogs could be a part of that plan?

 ",2020-08-10 11:51:12,https://t.co/i0iq31QS7i,http://pbs.twimg.com/profile_images/1113069318739300352/UvK_bDM__normal.png
@BogochIsaac,"1/ Remember that study of dogs sniffing out #COVID19 from a couple of weeks ago? 
 ",2020-08-10 11:51:12,"https://t.co/tRgHsKXYUD

A UK team is now evaluating if dogs can detect the virus on clothes worn by those with infection. Cool. This could be useful in real-world settings.

https://t.co/YO0jwS1gWA https://t.co/IMhak996DX",http://pbs.twimg.com/profile_images/1113069318739300352/UvK_bDM__normal.png
@DrTedros,"I also invite 
@LenertPaulette 
@alain_berset 
@MattHancock
@drharshvardhan 
@ameenex 
@robersperanza 
to join the @WHO #WearAMask challenge. Together, we can stop #COVID19. Together, we can ùó±ùóº ùó∂ùòÅ ùóÆùóπùóπ ",2020-08-10 09:34:02,!,http://pbs.twimg.com/profile_images/1242902762481946627/X2gdGC6W_normal.jpg
@DrTedros,"Today I nominate
@lia_tadesse 
@DrZweliMkhize 
@JaneRuth_Aceng
@Maggie_DeBlock 
@adamvojtechano 
@byelzhan 
to join @WHO #WearAMask challenge and help us spread the word about how and when to use a mask to protect our loved ones from #COVID19. Together, we can ùó±ùóº ùó∂ùòÅ ùóÆùóπùóπ ",2020-08-10 08:49:46,!,http://pbs.twimg.com/profile_images/1242902762481946627/X2gdGC6W_normal.jpg
@ashishkjha,"People who spread misinformation often say flu is deadlier in kids than COVID

It is not. The data far more nuanced &amp; concerning

@ScottGottliebMD makes that clear below

As the great Dr. Fauci said recently -- we should not be cavalier about the effect of COVID on kids  ",2020-08-09 16:52:20,https://t.co/AgqQHdwD3j,http://pbs.twimg.com/profile_images/1206973402176606208/BB8EX4ci_normal.jpg
@BogochIsaac,"Great to see another successful #COVID19 vaccine Phase 1 clinical trial. 

Novovax (NVX-CoV2373) appears safe &amp; elicited an appropriate immune response in 106 people.

They also released a pre-print (below) right after the press release. Thank you.

 ",2020-08-09 15:03:01,https://t.co/gtedxdVLwT,http://pbs.twimg.com/profile_images/1113069318739300352/UvK_bDM__normal.png
@T_Inglesby,To have officials say they can‚Äôt cancel or limit attendance or legally enforce social distancing measures for this SD rally of tens or hundreds of thousands of people is example of why we can‚Äôt get control of COVID. That‚Äôs what leader‚Äôs job should be. 1/x  ,2020-08-09 14:06:39,https://t.co/bVPzbGQm0H,http://pbs.twimg.com/profile_images/1273257263231315973/Dbz1wW_V_normal.jpg
@T_Inglesby,100 days since the last locally acquired COVID case occurred in New Zealand   ,2020-08-09 13:29:33,https://t.co/GGNF28RG0c,http://pbs.twimg.com/profile_images/1273257263231315973/Dbz1wW_V_normal.jpg
@BogochIsaac,Good move by the Toronto District School Board to keep class sizes smaller Re: #COVID19 risk.   ,2020-08-09 13:27:35,https://t.co/olQy1gGF5g,http://pbs.twimg.com/profile_images/1113069318739300352/UvK_bDM__normal.png
@BogochIsaac,"Canada lookin' pretty good these days, eh?  üçÅ

 ",2020-08-08 15:43:32,https://t.co/AorFjA6ohA #COVID19 https://t.co/nY4XSZ2nZu,http://pbs.twimg.com/profile_images/1113069318739300352/UvK_bDM__normal.png
@BogochIsaac,"""If one or two of them fails, we hope to have a number in our back pocket that we can use.""

-Dr. Joanne Langley, Co-chair of Canada's #COVID19 vaccine task force

A proactive &amp; smart approach by Canada to access multiple candidate vaccines in development

 ",2020-08-08 15:33:19,https://t.co/dvxBLXXZQ1,http://pbs.twimg.com/profile_images/1113069318739300352/UvK_bDM__normal.png
@DrTedros,"I invite
@narendramodi 
@FijiPM 
@TuvaluPM 
@AndrejPlenkovic
to support the @WHO #WearAMask challenge and help us spread the word about how and when to use a mask to protect our loved ones from #COVID19. Together, we can ùó±ùóº ùó∂ùòÅ ùóÆùóπùóπ ",2020-08-08 14:29:55,!,http://pbs.twimg.com/profile_images/1242902762481946627/X2gdGC6W_normal.jpg
@BogochIsaac,"Tracking the 8970 #COVID19 deaths in Canada - detailed reporting by @NoLore.

-83% of Canada's deaths were in LTC facilities.

-Many facilities listed had &gt;25% of their residents die.

-@NathanStall demonstrating for-profit LTCs with greater risk of death:  ",2020-08-08 13:41:41,https://t.co/WBiTuorKDk https://t.co/dYC655Fy6b https://t.co/RfQw96XkSX,http://pbs.twimg.com/profile_images/1113069318739300352/UvK_bDM__normal.png
@DrTedros,"I invite 
@AbiyAhmedAli 
@erna_solberg
@BorisJohnson 
@JustinTrudeau
@ImranKhanPTI 
@SudanPMHamdok
to join our #WearAMask challenge.
Together, we can stop #COVID19. Together, we can ùó±ùóº ùó∂ùòÅ ùóÆùóπùóπ ",2020-08-08 09:51:11,!,http://pbs.twimg.com/profile_images/1242902762481946627/X2gdGC6W_normal.jpg
@DrTedros,"I also invite
@Macky_Sall
@OfficialMasisi 
@NAkufoAddo 
@SahleWorkZewde 
@moonriver365
@CarlosAlvQ
to join the @WHO #WearAMask challenge. Together, we can beat #COVID19 ",2020-08-08 08:57:54,!,http://pbs.twimg.com/profile_images/1242902762481946627/X2gdGC6W_normal.jpg
@DrTedros,"I invite 
@EmmanuelMacron 
@CyrilRamaphosa 
@PaulKagame 
@GiuseppeConteIT 
@sanchezcastejon
to join our #WearAMask challenge and help us spread the word about how and when to use a mask to protect our loved ones from #COVID19. Together, we can ùó±ùóº ùó∂ùòÅ ùóÆùóπùóπ ",2020-08-08 08:36:27,!,http://pbs.twimg.com/profile_images/1242902762481946627/X2gdGC6W_normal.jpg
@DrTedros,"I also nominate 
@priyankachopra
@GretaThunberg 
@katyperry
to join our #WearAMask challenge.
Together, we can stop #COVID19. Together, we can ùó±ùóº ùó∂ùòÅ ùóÆùóπùóπ ",2020-08-08 07:17:23,!,http://pbs.twimg.com/profile_images/1242902762481946627/X2gdGC6W_normal.jpg
@DrTedros,"I nominate 
@DrSenait 
@JeremyFarrar 
@doctorsoumya 
@Chikwe_I 
@PeterASinger 
to join our #WearAMask challenge.
Together, we can stop #COVID19. Together, we can ùó±ùóº ùó∂ùòÅ ùóÆùóπùóπ ",2020-08-07 20:50:50,!,http://pbs.twimg.com/profile_images/1242902762481946627/X2gdGC6W_normal.jpg
@BogochIsaac,"Clinical presentation and outcomes of the #COVID19-related Multisystem Inflammatory Syndrome in Children (MIS-C).

Of 570 children with MIS-C:
1. Hospitalization: ~6 days
2. ICU care: 364 (63.9%)
3. Death: 10 (1.8%) 

 ",2020-08-07 18:03:19,https://t.co/DAd4G4gic6,http://pbs.twimg.com/profile_images/1113069318739300352/UvK_bDM__normal.png
@BogochIsaac,"During #COVID19 lock-downs in the UK, many experiencing heart attacks did not come to hospital for medical care.

""The reasons for patients failing to attend emergency departments...should be addressed promptly to avoid unnecessary deaths and disability""

 ",2020-08-07 12:00:12,https://t.co/CAr95RGAw7 https://t.co/VRzIV18FQ9,http://pbs.twimg.com/profile_images/1113069318739300352/UvK_bDM__normal.png
@BogochIsaac,"Very compelling arguments supporting the widespread use of rapid &amp; inexpensive #COVID19 tests.

The goal is to detect those who are infectious (&amp; stopping super-spreading events) rather than just detecting virus.

This is requires us to re-think what a ""good"" diagnostic test is.  ",2020-08-07 11:11:36,https://t.co/OA2C1kV90m https://t.co/UiqcZI6oL3,http://pbs.twimg.com/profile_images/1113069318739300352/UvK_bDM__normal.png
@BogochIsaac,"Many European countries seeing a rise in #COVID19 cases &amp; the reimposition of some public health measures to curb infection.

 ",2020-08-06 20:38:52,https://t.co/THZo5wviMf https://t.co/kv5gmnQLgk,http://pbs.twimg.com/profile_images/1113069318739300352/UvK_bDM__normal.png
@T_Inglesby,"Current burden of COVID in many places has outpaced what even a very strong contact tracing program could reasonably manage.  Testing, racing alone will not bring down disease where there is high transmission.  Reclosures or stay at home actions likely to be needed there. 27/ ",2020-07-30 20:29:14,x,http://pbs.twimg.com/profile_images/1273257263231315973/Dbz1wW_V_normal.jpg
@T_Inglesby,Most states and communities in the United States have not been able to successfully implement the full spectrum of case-based interventions for COVID-19. The reasons for this are many. 26/ ,2020-07-30 20:28:00,x,http://pbs.twimg.com/profile_images/1273257263231315973/Dbz1wW_V_normal.jpg
@T_Inglesby,"6) NIH or NSF should fund the study of urgent research questions that are core to efforts to control COVID, including:  How can public communications around reducing risk of transmission be improved?  How can mask use behaviors be improved and e panded?21/ ",2020-07-30 20:25:23,x,http://pbs.twimg.com/profile_images/1273257263231315973/Dbz1wW_V_normal.jpg
@T_Inglesby,"Signs of a hospital system under rising COVID stress include significant rises in hospitalized pts, pressure on ICUs, need to cancel elective procedures to make room, the need to surge up beds and staff, relocate patients out of the area, and/or start to ration medical care.6/ ",2020-07-30 20:08:58,x,http://pbs.twimg.com/profile_images/1273257263231315973/Dbz1wW_V_normal.jpg
@T_Inglesby,"Our @JHSPH_CHS report: Resetting Our Response: Changes Needed in the US Approach to COVID-19. @cmyeaton @Elena_Martin33 @C_R_Watson @MSchochSpana @anita_cicero 
and I recommend what needs to happen now.2/x     ",2020-07-30 20:00:28,https://t.co/1QxtOtDpXx,http://pbs.twimg.com/profile_images/1273257263231315973/Dbz1wW_V_normal.jpg
@T_Inglesby,"Recent days have brought new highs in COVID case numbers nationally, 30 states w/ cases rising and many states with high test positivity, near peak hospitalizations, &gt;1,000 deaths a day.  We need to reset response, and we have a new report proposing how to do that. 1/ ",2020-07-30 19:59:56,x,http://pbs.twimg.com/profile_images/1273257263231315973/Dbz1wW_V_normal.jpg
@SueDHellmann,What do we owe study patients- especially in a pandemic?  That their participation in a trial makes a contribution- potentially helping them and others.  Underpowered or duplicative trials don‚Äôt allow for that-  as shown by @matthewherper   #COVID19  ,2020-07-06 14:30:49,https://t.co/WC96fwv1dW,http://pbs.twimg.com/profile_images/1224560043107868672/eWCHG9Ts_normal.jpg
@SueDHellmann,"The virus is still here. We must keep using the tools we have- face masks, hand washing, and distancing- to keep ourselves and others safe. #COVID19  ",2020-06-25 14:42:51,https://t.co/2vHicg9ySE,http://pbs.twimg.com/profile_images/1224560043107868672/eWCHG9Ts_normal.jpg
@SueDHellmann,Important lessons from my former colleague Dr. Zewdu on how Africans have managed #COVID19.  My favorite: ‚ÄúNations do not have to be wealthy to be healthy‚Äù  ,2020-06-23 19:22:35,https://t.co/DttqNjmYvi,http://pbs.twimg.com/profile_images/1224560043107868672/eWCHG9Ts_normal.jpg
@SueDHellmann,"The more we know, the more clear the data:  Wearing face masks in public is our current best tool to stop #COVID19  Thanks Eric!  ",2020-06-11 21:20:04,https://t.co/TcuQGhswRM,http://pbs.twimg.com/profile_images/1224560043107868672/eWCHG9Ts_normal.jpg
@SueDHellmann,This is very good news. #COVID__19 reminds us of the importance of vaccines. @gavi allows for  more equitable access.  ,2020-06-04 16:03:27,https://t.co/lORDFRpiA3,http://pbs.twimg.com/profile_images/1224560043107868672/eWCHG9Ts_normal.jpg
@SueDHellmann,I always learn from @Bob_Wachter on #COVID__19 but this tweetorial applying Bayesian reasoning to interpreting coronavirus testing is especially good.  ,2020-05-27 03:42:07,https://t.co/5JtZGtekdC,http://pbs.twimg.com/profile_images/1224560043107868672/eWCHG9Ts_normal.jpg
@SueDHellmann,"True to form, Donald G. McNeil gives a clear-eyed and at times startling description of the reality of #COVID__19 in life-long virus hunter Dr. Peter Pilot.  ",2020-05-26 18:48:42,https://t.co/dfj0E1TVEe,http://pbs.twimg.com/profile_images/1224560043107868672/eWCHG9Ts_normal.jpg
@SueDHellmann,Concerning- using malaria drugs to treat #COVID„Éº19: ‚ÄúOne of the findings ... seems hard to ignore: that the drugs increase the risk of dangerous disturbances in heart rhythms.‚Äù  ,2020-05-22 16:02:57,https://t.co/Mj08FEWujK,http://pbs.twimg.com/profile_images/1224560043107868672/eWCHG9Ts_normal.jpg
@SueDHellmann,"Learning about spread- ‚Äúsuperspreader‚Äù events and sites linked to #COVID19 infections and more serious clinical outcomes.  Talking, especially loudly, &amp; singing implicated in spreading events.  ",2020-05-20 16:33:07,https://t.co/B7PqDMeoHB,http://pbs.twimg.com/profile_images/1224560043107868672/eWCHG9Ts_normal.jpg
@SueDHellmann,"I did miss this, and it is a must-read: Harold Varmus (&amp; impressive colleagues) focus on increasing our knowledge and our ability to control #COVID19 using molecular epidemiology.  ",2020-05-19 03:31:28,https://t.co/WTU83O4eUz,http://pbs.twimg.com/profile_images/1224560043107868672/eWCHG9Ts_normal.jpg
@SueDHellmann,20 years of investments ‚Å¶@gatesfoundation now keenly focused on #COVID19. ‚Å© ‚Å¶@BillGates‚Å© has emerged as a champion of science-backed solutions to addressing the coronavirus pandemic - The Washington Post  ,2020-05-02 22:53:50,https://t.co/7U3BJuzVAR,http://pbs.twimg.com/profile_images/1224560043107868672/eWCHG9Ts_normal.jpg
@SueDHellmann,Good news in the race for a vaccine.  #COVID19  ,2020-04-27 18:52:14,https://t.co/4c4iIGGo3v,http://pbs.twimg.com/profile_images/1224560043107868672/eWCHG9Ts_normal.jpg
@SueDHellmann,Massive shift to #COVID19 for the world‚Äôs largest private philanthropy ($40B endowment/$5B annual spend). Gates Foundation will commit 'total attention' to coronavirus pandemic | TheHill  ,2020-04-26 20:00:30,https://t.co/j2VaxWwB4n,http://pbs.twimg.com/profile_images/1224560043107868672/eWCHG9Ts_normal.jpg
@SueDHellmann,"An unsparing look at what comes next. ‚ÄúIf we underestimate the virus, it will find us.‚Äú #COVID19  The Coronavirus in America: The Year Ahead  ",2020-04-18 18:07:56,https://t.co/BcSX4KWi0H,http://pbs.twimg.com/profile_images/1224560043107868672/eWCHG9Ts_normal.jpg
@SueDHellmann,"Lots of caveats, but glad to see hopeful signs that remdesivir helps patients with #COVID19  ",2020-04-16 21:03:29,https://t.co/istWr3M0Cg,http://pbs.twimg.com/profile_images/1224560043107868672/eWCHG9Ts_normal.jpg
@SueDHellmann,How do we move from social distancing prior to #COVID19 vaccine? Critical question: Who Is Immune to the Coronavirus?  ,2020-04-13 14:52:33,https://t.co/9iX8FQyvVL,http://pbs.twimg.com/profile_images/1224560043107868672/eWCHG9Ts_normal.jpg
@SueDHellmann,"You cannot control what you cannot measure. #COVID-19
via @NYTOpinion  ",2020-04-06 16:58:23,https://t.co/fbkoMfPCgh,http://pbs.twimg.com/profile_images/1224560043107868672/eWCHG9Ts_normal.jpg
@SueDHellmann,Ending the week sad about terrible suffering - so I took a shot at how we can do better next time. Preparing for the Next Pandemic - WSJ  #COVID   ,2020-04-03 19:16:00,https://t.co/zTbGJK0BWz,http://pbs.twimg.com/profile_images/1224560043107868672/eWCHG9Ts_normal.jpg
@SueDHellmann,"Useful review of testing for #COVID19 antibodies- key to understanding natural history of novel coronavirus infection, but tricky, challenging to validate, and no tests yet approved by FDA.   ",2020-04-02 17:10:18,https://t.co/B4hJYS0jdD,http://pbs.twimg.com/profile_images/1224560043107868672/eWCHG9Ts_normal.jpg
@SueDHellmann,Social distancing for now- then what?  Thoughtful discussion of how to think about choices &amp; their implications as we ‚Äúnavigate our way to dry land‚Äù.  #COVID„Éº19  ,2020-04-01 20:46:27,https://t.co/q6aRqHHW6y,http://pbs.twimg.com/profile_images/1224560043107868672/eWCHG9Ts_normal.jpg
@SueDHellmann,"Lots to learn from ‚Å¶@matthewherper‚Å© on #COVID19 testing- failures of innovation- and logistics.  
The best line? ‚ÄúA virus is a terrible thing to race.‚Äù  ",2020-03-31 15:56:23,https://t.co/LJcy0x54ax,http://pbs.twimg.com/profile_images/1224560043107868672/eWCHG9Ts_normal.jpg
@SueDHellmann,"@GaviSeth gets it right: collaboration, data sharing, efficient trials &amp; money. COVID-19 needs a Manhattan Project  ",2020-03-29 02:51:21,https://t.co/Xk2hLBKfrL,http://pbs.twimg.com/profile_images/1224560043107868672/eWCHG9Ts_normal.jpg
@SueDHellmann,"#COVID19 serology- essential for understanding risk, who to vaccinate, and produce convalescent serum for therapeutic use. The next frontier in coronavirus testing: Identifying the full scope of the pandemic, not just...  ",2020-03-27 15:56:24,https://t.co/1qMao6ygl1 via @statnews,http://pbs.twimg.com/profile_images/1224560043107868672/eWCHG9Ts_normal.jpg
@SueDHellmann,Social distancing will save lives - and will decrease  herd immunity- making the race to develop a vaccine essential. MIT Technology Review #COVID19  ,2020-03-26 22:12:41,https://t.co/fZsFOIhXDM,http://pbs.twimg.com/profile_images/1224560043107868672/eWCHG9Ts_normal.jpg
@SueDHellmann,"Mano-a-Mano ! Steph &amp; Dr. Fauci
Not March madness, but two of my favorite people.  #COVID19  ",2020-03-26 01:07:29,https://t.co/CaWWxOUDyp,http://pbs.twimg.com/profile_images/1224560043107868672/eWCHG9Ts_normal.jpg
@SueDHellmann,"Highly recommend piece on where we go next on #COVID19 pandemic. @edyong209  doesn‚Äôt pull punches: ‚ÄúThe testing fiasco was the original sin of America‚Äôs pandemic failure, the single flaw that undermined every other countermeasure.‚Äù  ",2020-03-25 19:45:47,https://t.co/hCkcXpHSJC,http://pbs.twimg.com/profile_images/1224560043107868672/eWCHG9Ts_normal.jpg
@SueDHellmann,Essential to fix this- ‚ÄúRight now we simply have no idea how many Americans are infected with the coronavirus.‚Äù #COVID19  ,2020-03-24 16:25:05,https://t.co/XmU3XjBcYF,http://pbs.twimg.com/profile_images/1224560043107868672/eWCHG9Ts_normal.jpg
@SueDHellmann,"Zeke Emanuel outlines balance of health &amp;  economic factors with a sense of urgency. #COVID19 
Fourteen Days. That‚Äôs the Most Time We Have to Defeat Coronavirus.  ",2020-03-24 02:15:56,https://t.co/FaZEJqmhPY,http://pbs.twimg.com/profile_images/1224560043107868672/eWCHG9Ts_normal.jpg
